序号,链接,节点数
0,https://PdrmZf.absslk.xyz/396af303dd604984457cfd256d416173,0
1,https://gist.githubusercontent.com/peasoft/40b87245630092f30cc98af61190b4e2/raw/,10
2,https://oWaHKB.mcsslk.xyz/782ec65f203246990a65647f80e786b1,0
3,https://raw.githubusercontent.com/Alvin9999/pac2/master/clash.meta2/1/config.yaml,1
4,https://raw.githubusercontent.com/Alvin9999/pac2/master/clash.meta2/13/config.yaml,1
5,https://raw.githubusercontent.com/Alvin9999/pac2/master/clash.meta2/15/config.yaml,1
6,https://raw.githubusercontent.com/Alvin9999/pac2/master/clash.meta2/2/config.yaml,1
7,https://raw.githubusercontent.com/Alvin9999/pac2/master/clash.meta2/config.yaml,1
8,https://raw.githubusercontent.com/Huibq/TrojanLinks/master/links/vmess,0
9,https://raw.githubusercontent.com/Misaka-blog/chromego_merge/refs/heads/main/sub/merged_proxies_new.yaml,16
10,https://raw.githubusercontent.com/Surfboardv2ray/TGParse/main/python/hy2,1
11,https://raw.githubusercontent.com/Surfboardv2ray/TGParse/main/python/hysteria2,64
12,https://raw.githubusercontent.com/ripaojiedian/freenode/main/clash,14
13,https://raw.githubusercontent.com/ripaojiedian/freenode/main/sub,14
14,https://raw.githubusercontent.com/zhangkaiitugithub/passcro/main/speednodes.yaml,28

总计,,108
